<project>
  <modelVersion>4.0.0</modelVersion>
  <groupId>org.jvnet.com4j</groupId>
  <artifactId>tlbimp</artifactId>
  <version>@VERSION@</version>
  <name>com4j type library importer</name>

  <dependencies>
    <dependency>
      <groupId>org.jvnet.com4j</groupId>
      <artifactId>com4j</artifactId>
      <version>@VERSION@</version>
    </dependency>
    <dependency>
      <groupId>args4j</groupId>
      <artifactId>args4j</artifactId>
      <version>2.0.8</version>
    </dependency>
  </dependencies>
</project>
